Date,Open,High,Low,Close,Adj Close,Volume,Daily_Volume_transaction,Daily_Return,Volatility
2015-01-02,27.84749984741211,27.860000610351562,26.837499618530273,27.332500457763672,24.37395668029785,212818400,,,
2015-01-05,27.072500228881836,27.162500381469727,26.352500915527344,26.5625,23.68730354309082,257142000,0.20826958571251364,-0.028171590940836988,
2015-01-06,26.635000228881836,26.857500076293945,26.157499313354492,26.565000534057617,23.68952751159668,263188400,0.023513856157298285,9.388863117387736e-05,
2015-01-07,26.799999237060547,27.049999237060547,26.674999237060547,26.9375,24.021713256835938,160423600,-0.3904609777634577,0.01402247238053378,
2015-01-08,27.3075008392334,28.037500381469727,27.174999237060547,27.97249984741211,24.94468116760254,237458000,0.4801936872131034,0.038422234954617496,
2015-01-09,28.167499542236328,28.3125,27.552499771118164,28.002500534057617,24.971435546875,214798000,-0.09542740189844101,0.001072548456029443,
2015-01-12,28.149999618530273,28.157499313354492,27.200000762939453,27.3125,24.356124877929688,198603200,-0.07539548785370442,-0.02464058054613183,
2015-01-13,27.857500076293945,28.200000762939453,27.227500915527344,27.55500030517578,24.572372436523438,268367600,0.35127530674228824,0.008878569956327631,
2015-01-14,27.260000228881836,27.622499465942383,27.125,27.450000762939453,24.478742599487305,195826400,-0.2703053572785985,-0.0038103702553753394,
2015-01-15,27.5,27.514999389648438,26.665000915527344,26.704999923706055,23.814380645751953,240056000,0.2258612730459224,-0.02714036274678855,
2015-01-16,26.75749969482422,26.895000457763672,26.299999237060547,26.497499465942383,23.62934684753418,314053200,0.3082497417269303,-0.007769834578955526,
2015-01-20,26.959999084472656,27.24250030517578,26.625,27.18000030517578,24.23796844482422,199599600,-0.3644401649147342,0.025757021606102937,
2015-01-21,27.237499237060547,27.764999389648438,27.0674991607666,27.387500762939453,24.42300796508789,194303600,-0.02653311930484825,0.007634283404770459,
2015-01-22,27.565000534057617,28.11750030517578,27.43000030517578,28.100000381469727,25.05837631225586,215185600,0.10747098870015792,0.0260151553844723,
2015-01-23,28.075000762939453,28.4375,27.88249969482422,28.2450008392334,25.18768310546875,185859200,-0.13628421232647536,0.005160222338493892,
2015-01-26,28.434999465942383,28.59000015258789,28.200000762939453,28.274999618530273,25.21443748474121,222460000,0.19692756667412747,0.0010622008844731745,
2015-01-27,28.104999542236328,28.1200008392334,27.25749969482422,27.28499984741211,24.33159828186035,382274800,0.718397914231772,-0.03501324205289602,
2015-01-28,29.407499313354492,29.530000686645508,28.827499389648438,28.827499389648438,25.707136154174805,585908400,0.5326890498667451,0.056532984655592644,
2015-01-29,29.079999923706055,29.797500610351562,28.889999389648438,29.725000381469727,26.50748634338379,337745600,-0.4235522139638209,0.031133385858658214,
2015-01-30,29.600000381469727,30.0,29.212499618530273,29.290000915527344,26.119577407836914,334982000,-0.00818249001615412,-0.014633938900196597,
2015-02-02,29.512500762939453,29.792499542236328,29.020000457763672,29.657499313354492,26.44729232788086,250956400,-0.2508361643312178,0.012546716010252812,
2015-02-03,29.625,29.772499084472656,29.40250015258789,29.662500381469727,26.45175552368164,207662800,-0.17251442880117818,0.00016875813771211057,
2015-02-04,29.625,30.127500534057617,29.577499389648438,29.889999389648438,26.654630661010742,280598800,0.35122323304896197,0.007669628473145007,
2015-02-05,30.0049991607666,30.0575008392334,29.8125,29.985000610351562,26.84487533569336,168984800,-0.39777076737320327,0.007137396766142334,
2015-02-06,30.0049991607666,30.0625,29.612499237060547,29.732500076293945,26.618812561035156,174826400,0.03456878961894794,-0.008421077461947757,
2015-02-09,29.637500762939453,29.959999084472656,29.607500076293945,29.93000030517578,26.795631408691406,155559200,-0.11020761166505744,0.006642627173951254,
2015-02-10,30.042499542236328,30.537500381469727,30.040000915527344,30.5049991607666,27.310420989990234,248034000,0.5944669296319343,0.01921169811030654,
2015-02-11,30.6924991607666,31.229999542236328,30.625,31.219999313354492,27.950538635253906,294247200,0.18631800478966598,0.023438585787391775,
2015-02-12,31.514999389648438,31.8700008392334,31.392499923706055,31.614999771118164,28.304174423217773,297898000,0.012407254852382588,0.012652199393317964,
2015-02-13,31.81999969482422,31.81999969482422,31.412500381469727,31.770000457763672,28.442941665649414,217088800,-0.2712646610584831,0.00490271294815825,
2015-02-17,31.872499465942383,32.220001220703125,31.729999542236328,31.957500457763672,28.610807418823242,252609600,0.16362336518512244,0.0059018421915395525,0.31739210079870045
2015-02-18,31.907499313354492,32.19499969482422,31.862499237060547,32.18000030517578,28.81000518798828,179566800,-0.2891529063028484,0.006962326027680987,0.3008604649061527
2015-02-19,32.119998931884766,32.25749969482422,32.08250045776367,32.11249923706055,28.749568939208984,149449600,-0.16772142734625772,-0.00209775209636176,0.30134654080107703
2015-02-20,32.154998779296875,32.375,32.01250076293945,32.375,28.984586715698242,195793600,0.31009785238635623,0.008174653922158104,0.3005784024497988
2015-02-23,32.505001068115234,33.25,32.415000915527344,33.25,29.767959594726562,283896400,0.4499779359488767,0.027027222665349848,0.2917305587771103
2015-02-24,33.23500061035156,33.400001525878906,32.79249954223633,33.04249954223633,29.58218002319336,276912400,-0.0246005232894817,-0.006240923935079357,0.293583779872858
2015-02-25,32.88999938964844,32.900001525878906,32.037498474121094,32.1974983215332,28.82567596435547,298846800,0.07921060956461323,-0.025572965151478666,0.29443583074170315
2015-02-26,32.1974983215332,32.717498779296875,31.65250015258789,32.60499954223633,29.190494537353516,365150000,0.22186350999910331,0.012656028377241446,0.29498241328031183
2015-02-27,32.5,32.64250183105469,32.060001373291016,32.1150016784668,28.751815795898438,248059200,-0.32066493221963577,-0.015028136672837977,0.2999487231360518
2015-03-02,32.3125,32.56999969482422,32.07500076293945,32.272499084472656,28.892820358276367,192386800,-0.2244319098021762,0.0049041967776535245,0.2835307912077491
2015-03-03,32.2400016784668,32.380001068115234,32.022499084472656,32.34000015258789,28.953250885009766,151265200,-0.21374439410604051,0.0020915412889448426,0.2806080672896486
2015-03-04,32.275001525878906,32.38999938964844,32.08000183105469,32.1349983215332,28.769723892211914,126665200,-0.16262828462858614,-0.006338735278008878,0.277310528475689
2015-03-05,32.14500045776367,32.1875,31.440000534057617,31.602500915527344,28.292987823486328,226068400,0.7847711920874874,-0.016570755788679614,0.2847505871187283
2015-03-06,32.099998474121094,32.342498779296875,31.565000534057617,31.649999618530273,28.335506439208984,291368400,0.2888506310479484,0.0015027969470005065,0.2778613363336809
2015-03-09,31.989999771118164,32.39250183105469,31.264999389648438,31.78499984741211,28.456371307373047,354114000,0.21534799243843872,0.004265491722315495,0.2778480254592197
2015-03-10,31.602500915527344,31.80500030517578,30.950000762939453,31.127500534057617,27.86773109436035,275426400,-0.2222097968450838,-0.020685708892903665,0.2869962889553962
2015-03-11,31.1875,31.1924991607666,30.52750015258789,30.559999465942383,27.359655380249023,275756000,0.0011966899324102886,-0.018231685686609378,0.27111032061456264
2015-03-12,30.577499389648438,31.225000381469727,30.407499313354492,31.112499237060547,27.854297637939453,193450800,-0.2984711121426188,0.018079257608175636,0.2255037363375763
2015-03-13,31.100000381469727,31.350000381469727,30.645000457763672,30.897499084472656,27.66180992126465,207309200,0.07163785313888593,-0.0069105212838905805,0.21037969303529463
2015-03-16,30.969999313354492,31.237499237060547,30.717500686645508,31.237499237060547,27.966205596923828,143497200,-0.3078107483893624,0.011004185066906258,0.20637145997114636
2015-03-17,31.475000381469727,31.829999923706055,31.412500381469727,31.760000228881836,28.433996200561523,204092400,0.42227444159189176,0.01672699580271808,0.20850883755233432
2015-03-18,31.75,32.290000915527344,31.592500686645508,32.11750030517578,28.754047393798828,261083600,0.2792421471843145,0.011255934304126525,0.2099027576497009
2015-03-19,32.1875,32.3125,31.850000381469727,31.875,28.536943435668945,183238000,-0.29816350012026804,-0.007550379087735148,0.21150775584795758
2015-03-20,32.0625,32.099998474121094,31.290000915527344,31.475000381469727,28.17884063720703,274780400,0.4995819644396904,-0.012548744026114389,0.21530773086424695
2015-03-23,31.780000686645508,31.962499618530273,31.6299991607666,31.802499771118164,28.472042083740234,150838800,-0.45105691672331794,0.010405021636910927,0.21452480039309454
2015-03-24,31.8075008392334,32.0099983215332,31.639999389648438,31.672500610351562,28.355653762817383,131369200,-0.12907554289745082,-0.004087810792795854,0.21490610906091098
2015-03-25,31.635000228881836,31.704999923706055,30.844999313354492,30.844999313354492,27.61481285095215,206620800,0.5728252893372268,-0.026126744178146755,0.22331830400285416
2015-03-26,30.690000534057617,31.219999313354492,30.649999618530273,31.059999465942383,27.80729866027832,190291600,-0.07902979758088247,0.006970382539439601,0.21348085987760432
2015-03-27,31.142499923706055,31.174999237060547,30.727500915527344,30.8125,27.585716247558594,158184800,-0.16872421063252396,-0.007968498322213802,0.21114377624979067
2015-03-30,31.012500762939453,31.600000381469727,31.0,31.592500686645508,28.284029006958008,188398800,0.1910044454334423,0.025314287768809285,0.22381706716971397
2015-03-31,31.522499084472656,31.622499465942383,31.09000015258789,31.107500076293945,27.849821090698242,168362400,-0.10635099586621566,-0.015351699581164668,0.22732144469630555
2015-04-01,31.204999923706055,31.280000686645508,30.774999618530273,31.0625,27.809534072875977,162485600,-0.03490565589466532,-0.001446580848439294,0.226129938889982
2015-04-02,31.25749969482422,31.389999389648438,31.047500610351562,31.329999923706055,28.049020767211914,128880400,-0.2068195581639235,0.008611675898932747,0.22783460660260962
2015-04-06,31.11750030517578,31.877500534057617,31.082500457763672,31.837499618530273,28.503376007080078,148776000,0.15437258109068552,0.01619861326493388,0.23171130018140226
2015-04-07,31.90999984741211,32.029998779296875,31.4950008392334,31.502500534057617,28.203458786010742,140049200,-0.05865731031886867,-0.010522164847940774,0.21817292731691543
2015-04-08,31.462499618530273,31.600000381469727,31.24250030517578,31.399999618530273,28.111690521240234,149316800,0.06617388746240604,-0.0032537947018054236,0.21780491003679067
2015-04-09,31.462499618530273,31.645000457763672,31.165000915527344,31.639999389648438,28.326549530029297,129936000,-0.12979651318538843,0.007643048312115042,0.20705514651361986
2015-04-10,31.487499237060547,31.802499771118164,31.315000534057617,31.774999618530273,28.447418212890625,160752000,0.23716291097155517,0.004266975147579899,0.20382574555399752
2015-04-13,32.092498779296875,32.14250183105469,31.65250015258789,31.712499618530273,28.39146614074707,145460400,-0.09512541057031954,-0.0019668594079373936,0.1993578179641452
2015-04-14,31.75,31.822500228881836,31.477500915527344,31.575000762939453,28.26836585998535,102098400,-0.298101751404506,-0.004335819790054707,0.19904253369052508
2015-04-15,31.602500915527344,31.782499313354492,31.502500534057617,31.69499969482422,28.37579917907715,115881600,0.13499917726428623,0.0038004785852820966,0.19930867021438678
2015-04-16,31.56999969482422,31.774999618530273,31.52750015258789,31.542499542236328,28.2392635345459,113476000,-0.020759119653163238,-0.004811693361289504,0.19897512961026387
2015-04-17,31.387500762939453,31.53499984741211,31.114999771118164,31.1875,27.921443939208984,207828000,0.8314709718354543,-0.011254528467008917,0.19582586327109103
2015-04-20,31.392499923706055,32.029998779296875,31.292499542236328,31.899999618530273,28.5593318939209,188217200,-0.0943607213657448,0.02284580826481375,0.207045177761306
2015-04-21,32.025001525878906,32.04999923706055,31.667499542236328,31.727500915527344,28.404895782470703,129740400,-0.31068786487101074,-0.005407553370779916,0.20735118391415172
2015-04-22,31.747499465942383,32.217498779296875,31.579999923706055,32.154998779296875,28.787628173828125,150618000,0.16091826447274715,0.013474169885657972,0.20125297991084876
2015-04-23,32.07500076293945,32.60499954223633,32.03499984741211,32.41749954223633,29.022632598876953,183083600,0.21554927033953453,0.00816338267361938,0.19354378145381976
2015-04-24,32.622501373291016,32.657501220703125,32.307498931884766,32.56999969482422,29.159164428710938,178103600,-0.027200688647153526,0.004704322716722276,0.18770645352058285
2015-04-27,33.07749938964844,33.282501220703125,32.787498474121094,33.162498474121094,29.68962287902832,387816800,1.1774787258651704,0.01819182616203774,0.19187567117657403
2015-04-28,33.6150016784668,33.6349983215332,32.39250183105469,32.63999938964844,29.221837997436523,475696000,0.22659977597669823,-0.01575583777193157,0.1970903002934087
2015-04-29,32.540000915527344,32.897499084472656,32.07500076293945,32.15999984741211,28.792097091674805,253544400,-0.4670032962227978,-0.014706155916661245,0.19709746239631412
2015-04-30,32.15999984741211,32.15999984741211,31.145000457763672,31.287500381469727,28.010976791381836,332781600,0.3125180441768778,-0.02712967720989068,0.2098653078703989
2015-05-01,31.524999618530273,32.532501220703125,31.325000762939453,32.23749923706055,28.861486434936523,234050400,-0.2966846724698722,0.030363441085580645,0.22729305490040513
2015-05-04,32.375,32.64250183105469,32.064998626708984,32.17499923706055,28.80552864074707,203953200,-0.12859281590631766,-0.0019388396476252012,0.22406708055295824
2015-05-05,32.037498474121094,32.11249923706055,31.44499969482422,31.450000762939453,28.156457901000977,197085600,-0.03367243073410964,-0.022532852906158696,0.23203003737971012
2015-05-06,31.639999389648438,31.6875,30.84000015258789,31.252500534057617,27.979642868041992,288564000,0.46415567651822354,-0.006279732826503626,0.23243019901849385
2015-05-07,31.1924991607666,31.520000457763672,31.0049991607666,31.315000534057617,28.152698516845703,175763600,-0.39090253808513886,0.006185055671363626,0.21980417772158056
2015-05-08,31.670000076293945,31.905000686645508,31.52750015258789,31.905000686645508,28.683115005493164,222201600,0.2642071509686874,0.01884069792919063,0.22535233314021655
2015-05-11,31.84749984741211,31.889999389648438,31.407499313354492,31.579999923706055,28.39093780517578,168143200,-0.2432853768829747,-0.010186383182629433,0.22622058153239485
2015-05-12,31.399999618530273,31.719999313354492,31.204999923706055,31.467500686645508,28.289796829223633,192640000,0.14569010224618073,-0.003562438713585192,0.2144918272523103
2015-05-13,31.537500381469727,31.797500610351562,31.467500686645508,31.502500534057617,28.321264266967773,138776800,-0.2796054817275747,0.0011123246283490928,0.2094370922538851
2015-05-14,31.852500915527344,32.23749923706055,31.790000915527344,32.23749923706055,28.982036590576172,180814000,0.3029123023444842,0.02333131449852277,0.21936477591721573
2015-05-15,32.26750183105469,32.372501373291016,32.0525016784668,32.192501068115234,28.941591262817383,152832000,-0.15475571581846537,-0.0013955309052345877,0.21844903906873828
2015-05-18,32.095001220703125,32.68000030517578,32.09000015258789,32.54750061035156,29.260732650756836,203531600,0.3317341917922949,0.011027085036249273,0.2158491406657233
2015-05-19,32.67250061035156,32.720001220703125,32.40999984741211,32.51750183105469,29.23377799987793,178532800,-0.12282515344054679,-0.0009211885157021094,0.2131868798903603
2015-05-20,32.5,32.744998931884766,32.334999084472656,32.51499938964844,29.231523513793945,145819600,-0.1832335570830682,-7.71192175021973e-05,0.21279780160035064
2015-05-21,32.51750183105469,32.907501220703125,32.45750045776367,32.84749984741211,29.530445098876953,158921600,0.08985074708749718,0.010226000876825792,0.21358760141556737
2015-05-22,32.900001525878906,33.24250030517578,32.849998474121094,33.1349983215332,29.788911819458008,182384000,0.14763506030646556,0.008752550790061875,0.2144907290118226
2015-05-26,33.150001525878906,33.227500915527344,32.279998779296875,32.404998779296875,29.132627487182617,282790400,0.5505219756118958,-0.022031161670252986,0.22503439856437246
2015-05-27,32.584999084472656,33.064998626708984,32.51250076293945,33.0099983215332,29.67652702331543,183332800,-0.3517007649481736,0.018669772795883555,0.23015277563307776
2015-05-28,32.96500015258789,32.98749923706055,32.775001525878906,32.94499969482422,29.61809730529785,122933200,-0.32945332204602773,-0.001968886654818869,0.2303076646327461
2015-05-29,32.807498931884766,32.86249923706055,32.474998474121094,32.56999969482422,29.280967712402344,203538000,0.6556796699345662,-0.011382554031761027,0.2326555615502642
2015-06-01,32.56999969482422,32.84749984741211,32.51250076293945,32.6349983215332,29.33940315246582,128451200,-0.36890801717615385,0.001995679946012352,0.22958568913044983
2015-06-02,32.46500015258789,32.665000915527344,32.33000183105469,32.4900016784668,29.209043502807617,134670400,0.04841683067188152,-0.004443159561930199,0.2212728971915033
2015-06-03,32.665000915527344,32.73500061035156,32.474998474121094,32.529998779296875,29.244997024536133,123934000,-0.07972353241692309,0.0012309037687270319,0.2204781806454822
2015-06-04,32.39500045776367,32.64500045776367,32.227500915527344,32.34000015258789,29.074190139770508,153800400,0.24098633143447312,-0.005840550594767402,0.21812595072943186
2015-06-05,32.375,32.42250061035156,32.09000015258789,32.162498474121094,28.914615631103516,142507200,-0.07342763737935665,-0.005488528069048759,0.21750312852519368
2015-06-08,32.224998474121094,32.3025016784668,31.707500457763672,31.950000762939453,28.72357177734375,210699200,0.4785161732179146,-0.006607172517771875,0.21783243663098076
2015-06-09,31.674999237060547,32.02000045776367,31.405000686645508,31.854999542236328,28.638166427612305,224301600,0.06455838465452168,-0.0029733540937555425,0.21064470227113619
2015-06-10,31.979999542236328,32.334999084472656,31.962499618530273,32.220001220703125,28.966306686401367,156349200,-0.3029510266533988,0.011458144836838269,0.20896955682408697
2015-06-11,32.29499816894531,32.54499816894531,32.119998931884766,32.147499084472656,28.901124954223633,141563600,-0.09456780079463145,-0.002250260376078117,0.2045318478353794
2015-06-12,32.04750061035156,32.08250045776367,31.77750015258789,31.792499542236328,28.58197593688965,147544800,0.04225097412046597,-0.011042788744018872,0.1906949931198274
2015-06-15,31.524999618530273,31.809999465942383,31.427499771118164,31.729999542236328,28.52579116821289,175955600,0.1925571080783599,-0.001965741234994267,0.16882293991339423
2015-06-16,31.75749969482422,31.962499618530273,31.592500686645508,31.899999618530273,28.67862892150879,125976400,-0.28404438392412634,0.005357879555193845,0.1695437099225643
2015-06-17,31.93000030517578,31.969999313354492,31.684999465942383,31.825000762939453,28.6112003326416,131672400,0.045214818013532776,-0.002351178958092226,0.1558699060203018
2015-06-18,31.8075008392334,32.07749938964844,31.80500030517578,31.969999313354492,28.741552352905273,141628800,0.07561493524838925,0.004555978733788324,0.15488629585719466
2015-06-19,31.927499771118164,31.954999923706055,31.600000381469727,31.649999618530273,28.453868865966797,218867600,0.5453608305655346,-0.010009323205863563,0.15721655393289408
2015-06-22,31.872499465942383,32.01499938964844,31.770000457763672,31.90250015258789,28.680866241455078,136157200,-0.3779015258539866,0.007977733241042229,0.14908798627297717
2015-06-23,31.8700008392334,31.90250015258789,31.719999313354492,31.75749969482422,28.550514221191406,121075600,-0.11076608508400587,-0.004544912247987254,0.14660126059708792
2015-06-24,31.802499771118164,32.45000076293945,31.780000686645508,32.02750015258789,28.793249130249023,221123600,0.8263266917529213,0.008501945260146915,0.14805338145552388
2015-06-25,32.21500015258789,32.29999923706055,31.875,31.875,28.656152725219727,127752400,-0.422257958897196,-0.004761407940073958,0.14886365179895572
2015-06-26,31.917499542236328,31.997499465942383,31.627500534057617,31.6875,28.48758316040039,176267200,0.37975646641472105,-0.005882491150704272,0.13305705854469638
2015-06-29,31.364999771118164,31.61750030517578,31.1200008392334,31.13249969482422,27.988630294799805,196645600,0.11561084535296406,-0.017514748892217824,0.14186813603194381
2015-06-30,31.392499923706055,31.530000686645508,31.21500015258789,31.357500076293945,28.19091033935547,177482800,-0.0974484046426668,0.007227221997828437,0.1394579841780396
2015-07-01,31.725000381469727,31.735000610351562,31.497499465942383,31.649999618530273,28.453868865966797,120955200,-0.31849621484448065,0.009327777054585873,0.1427625580395725
2015-07-02,31.607500076293945,31.672500610351562,31.4424991607666,31.610000610351562,28.417905807495117,108844000,-0.10012963477386672,-0.0012639075073089812,0.14274731095778195
2015-07-06,31.235000610351562,31.5575008392334,31.212499618530273,31.5,28.319019317626953,112241600,0.031215317334901238,-0.003479724738973622,0.13893961795191306
2015-07-07,31.47249984741211,31.537500381469727,30.9424991607666,31.422500610351562,28.24934196472168,187787200,0.673062393978703,-0.0024604437082996755,0.13560986176886208
2015-07-08,31.1200008392334,31.15999984741211,30.635000228881836,30.642499923706055,27.548110961914062,243046400,0.29426499782732796,-0.02482291458977448,0.13942881406586113
2015-07-09,30.962499618530273,31.014999389648438,29.80500030517578,30.017499923706055,26.98622703552246,314380000,0.29349786707394143,-0.020396459385851218,0.13544518043248321
2015-07-10,30.485000610351562,30.962499618530273,30.302499771118164,30.81999969482422,27.707685470581055,245418000,-0.21935873783319548,0.026734320218566587,0.16075999245273237
2015-07-13,31.25749969482422,31.440000534057617,31.079999923706055,31.415000915527344,28.242597579956055,165762000,-0.32457276972349214,0.019305550077177935,0.16982756124363074
2015-07-14,31.510000228881836,31.592500686645508,31.260000228881836,31.40250015258789,28.231365203857422,127072400,-0.23340451973311138,-0.00039771044666958577,0.1695841238771164
2015-07-15,31.43000030517578,31.787500381469727,31.395000457763672,31.704999923706055,28.503318786621094,134596800,0.05921348774399471,0.009633029816302097,0.17215236312618515
2015-07-16,31.934999465942383,32.14250183105469,31.837499618530273,32.127498626708984,28.883148193359375,144889600,0.07647135741711542,0.013325795833871945,0.17687095096126254
2015-07-17,32.27000045776367,32.404998779296875,32.07749938964844,32.404998779296875,29.132627487182617,184658800,0.2744793277088211,0.008637538129607325,0.17794329196905853
2015-07-20,32.74250030517578,33.24250030517578,32.67499923706055,33.01750183105469,29.683277130126953,235600800,0.27587095767978553,0.01890147543974896,0.18514897699833882
2015-07-21,33.212501525878906,33.22999954223633,32.58000183105469,32.6875,29.386600494384766,307025600,0.3031602609159223,-0.009994739948746334,0.18660360901425657
2015-07-22,30.497499465942383,31.375,30.497499465942383,31.30500030517578,28.14371109008789,461802400,0.5041169205434335,-0.04229442614617396,0.22451304335984548
2015-07-23,31.549999237060547,31.772499084472656,31.264999389648438,31.290000915527344,28.13022232055664,203998000,-0.5582569514580262,-0.0004792818362892026,0.2216433453713569
2015-07-24,31.329999923706055,31.434999465942383,30.975000381469727,31.125,27.981884002685547,168649200,-0.1732801301973549,-0.005273272147682029,0.22197856073448088
2015-07-27,30.772499084472656,30.90250015258789,30.530000686645508,30.6924991607666,27.593059539794922,177822000,0.05438982218711974,-0.01389557839827038,0.22325248242078258
2015-07-28,30.844999313354492,30.977500915527344,30.637500762939453,30.844999313354492,27.73016357421875,134472400,-0.24378085951119655,0.0049687869598546985,0.22391620452975158
2015-07-29,30.787500381469727,30.875,30.5674991607666,30.747499465942383,27.642507553100586,148046800,0.10094562155505526,-0.003161035126372669,0.22322551442904073
2015-07-30,30.579999923706055,30.642499923706055,30.427499771118164,30.592500686645508,27.503156661987305,134513200,-0.0914143365476322,-0.00504118126206865,0.22348943019837395
2015-07-31,30.649999618530273,30.65999984741211,30.227500915527344,30.325000762939453,27.262676239013672,171540000,0.2752651784360196,-0.008743738979824278,0.22382685462101123
2015-08-03,30.375,30.642499923706055,29.3799991607666,29.610000610351562,26.619873046875,279904000,0.631712720065291,-0.023578139816618715,0.23154550200532314
2015-08-04,29.354999542236328,29.424999237060547,28.3125,28.65999984741211,25.76581382751465,496554400,0.7740168057619756,-0.0320835196267254,0.24508712042046
2015-08-05,28.237499237060547,29.360000610351562,28.024999618530273,28.850000381469727,25.936620712280273,397250400,-0.19998614451911012,0.006629205889209011,0.24678723245207845
2015-08-06,28.99250030517578,29.125,28.530000686645508,28.782499313354492,25.99306297302246,211612000,-0.46730827709676315,0.0021761609335431142,0.24488165385381522
2015-08-07,28.645000457763672,29.0625,28.625,28.8799991607666,26.081119537353516,154681600,-0.2690320019658621,0.003387694802357233,0.24559369353194582
2015-08-10,29.13249969482422,29.997499465942383,29.13249969482422,29.93000030517578,27.029354095458984,219806400,0.42102486656460747,0.036357126339895185,0.27055469750648903
2015-08-11,29.452499389648438,29.545000076293945,28.332500457763672,28.372499465942383,25.6227970123291,388331200,0.7666965111115964,-0.05203813151296088,0.30455680922789696
2015-08-12,28.13249969482422,28.854999542236328,27.407499313354492,28.809999465942383,26.017902374267578,404870000,0.042589418516977284,0.01542007149915614,0.30779975188689446
2015-08-13,29.010000228881836,29.100000381469727,28.635000228881836,28.787500381469727,25.997577667236328,194143200,-0.5204801541235458,-0.0007811816163685315,0.30581604434467624
2015-08-14,28.579999923706055,29.077499389648438,28.502500534057617,28.989999771118164,26.180452346801758,171718000,-0.11550855244994418,0.007034296883586144,0.30712670990835345
2015-08-17,29.010000228881836,29.412500381469727,28.875,29.290000915527344,26.451387405395508,163538800,-0.04763158201236917,0.01034875391016099,0.30936865300283334
2015-08-18,29.107500076293945,29.360000610351562,29.002500534057617,29.125,26.302371978759766,138242800,-0.15467888965798937,-0.0056335580569715216,0.309538666169634
2015-08-19,29.024999618530273,29.1299991607666,28.670000076293945,28.752500534057617,25.96597671508789,193146000,0.3971505206781112,-0.012789540956364198,0.30380527724627737
2015-08-20,28.520000457763672,28.587499618530273,27.907499313354492,28.162500381469727,25.433149337768555,274006400,0.4186491048222587,-0.020520213168400803,0.3038713404002747
2015-08-21,27.607500076293945,27.975000381469727,26.412500381469727,26.440000534057617,23.87758445739746,513102000,0.8725912971375851,-0.06116288862665775,0.33712691931224803
2015-08-24,23.717500686645508,27.200000762939453,23.0,25.780000686645508,23.28154945373535,648825200,0.26451504769032286,-0.024962114770259114,0.33410763049644127
2015-08-25,27.77750015258789,27.77750015258789,25.875,25.934999465942383,23.42152976989746,414406400,-0.3612973108935966,0.006012500003072185,0.33558831035785314
2015-08-26,26.772499084472656,27.47249984741211,26.262500762939453,27.422500610351562,24.76487159729004,387098400,-0.06589666568856078,0.05735499946374589,0.3803999831113319
2015-08-27,28.0575008392334,28.309999465942383,27.5049991607666,28.229999542236328,25.494112014770508,338464400,-0.12563730565664954,0.029446565657149204,0.38968216899568786
2015-08-28,28.042499542236328,28.327499389648438,27.885000228881836,28.322500228881836,25.577646255493164,212657600,-0.3716987665467919,0.0032766091509388584,0.3884962693561758
2015-08-31,28.00749969482422,28.63249969482422,28.0,28.190000534057617,25.457988739013672,224917200,0.05764947972703549,-0.0046782067155141105,0.3823604247295369
2015-09-01,27.537500381469727,27.969999313354492,26.84000015258789,26.93000030517578,24.320100784301758,307383600,0.3666522613655159,-0.0446966948715839,0.3992917299546986
2015-09-02,27.5575008392334,28.084999084472656,27.282499313354492,28.084999084472656,25.36316680908203,247555200,-0.19463757988389752,0.04288905025646761,0.4081975021981505
2015-09-03,28.122499465942383,28.19499969482422,27.510000228881836,27.592500686645508,24.918399810791016,212935600,-0.1398459818254676,-0.017535941061261884,0.41021960270367264
2015-09-04,27.24250030517578,27.612499237060547,27.127500534057617,27.3174991607666,24.670042037963867,199985200,-0.06081838828265451,-0.009966842763297956,0.4106004894430857
2015-09-08,27.9375,28.139999389648438,27.579999923706055,28.077499389648438,25.35638427734375,219374400,0.09695317453491548,0.02782087838860159,0.41945103466455386
2015-09-09,28.440000534057617,28.5049991607666,27.4424991607666,27.537500381469727,24.868715286254883,340043200,0.5500587124112932,-0.019232591908800112,0.42157825218459316
2015-09-10,27.5674991607666,28.31999969482422,27.475000381469727,28.142499923706055,25.415090560913086,251571200,-0.2601787067055009,0.02197038601990786,0.42788582113794893
2015-09-11,27.947500228881836,28.552499771118164,27.940000534057617,28.552499771118164,25.785354614257812,199662000,-0.20633999440317496,0.014568669446890281,0.43061738513076836
2015-09-14,29.145000457763672,29.22249984741211,28.71500015258789,28.827499389648438,26.033702850341797,233453600,0.1692440223978524,0.00963136787526131,0.4313316625840124
2015-09-15,28.982500076293945,29.13249969482422,28.604999542236328,29.06999969482422,26.25269889831543,173364800,-0.2573907620186624,0.008412020726846325,0.42683660682824
2015-09-16,29.0625,29.135000228881836,28.860000610351562,29.102500915527344,26.28205108642578,148694000,-0.14230570450287483,0.001118063640772382,0.4159334980205568
2015-09-17,28.915000915527344,29.122499465942383,28.43000030517578,28.479999542236328,25.719881057739258,256450400,0.7246855959218261,-0.021389884177528073,0.42053748123498585
2015-09-18,28.052499771118164,28.575000762939453,27.967500686645508,28.362499237060547,25.613771438598633,297141200,0.15866927873772085,-0.004125587474623882,0.4206586844382486
2015-09-21,28.417499542236328,28.842500686645508,28.415000915527344,28.802499771118164,26.011125564575195,200888000,-0.3239308449989433,0.015513300215436843,0.4230059664716363
2015-09-22,28.344999313354492,28.545000076293945,28.1299991607666,28.350000381469727,25.60248565673828,201384800,0.002473019792122999,-0.015710197039433216,0.4111425981650393
2015-09-23,28.407499313354492,28.68000030517578,28.325000762939453,28.579999923706055,25.81019401550293,143026800,-0.2897835387775045,0.00811282004214231,0.3828553692008829
2015-09-24,28.3125,28.875,28.092500686645508,28.75,25.963712692260742,200878000,0.4044780418774663,0.005947986158709284,0.38063086534436735
2015-09-25,29.110000610351562,29.172500610351562,28.5049991607666,28.677499771118164,25.89824104309082,224607600,0.11812941188183879,-0.0025216597466600765,0.38070363229092796
2015-09-28,28.462499618530273,28.642499923706055,28.110000610351562,28.110000610351562,25.385740280151367,208436000,-0.07199934463482094,-0.01978901818415879,0.38440892107275915
2015-09-29,28.207500457763672,28.377500534057617,26.96500015258789,27.264999389648438,24.622631072998047,293461600,0.4079218561093094,-0.030060545752529477,0.39204218102072474
2015-09-30,27.542499542236328,27.885000228881836,27.1825008392334,27.575000762939453,24.9025936126709,265892000,-0.09394619261940917,0.011370130951597002,0.3938001558307926
2015-10-01,27.267499923706055,27.405000686645508,26.827499389648438,27.395000457763672,24.740028381347656,255716400,-0.03826967340123055,-0.006528044180929227,0.39266001744215845
2015-10-02,27.002500534057617,27.752500534057617,26.887500762939453,27.594999313354492,24.920650482177734,232079200,-0.09243521338482785,0.007300804107656322,0.3890982010735076
2015-10-05,27.469999313354492,27.842500686645508,27.267499923706055,27.69499969482422,25.010961532592773,208258800,-0.10263909906618085,0.0036239443460606147,0.34383793449326827
2015-10-06,27.657499313354492,27.934999465942383,27.4424991607666,27.827499389648438,25.13062286376953,192787200,-0.07429025808273171,0.0047843554923237,0.3344192681412413
2015-10-07,27.934999465942383,27.9424991607666,27.352500915527344,27.69499969482422,25.010961532592773,187062400,-0.029694917504896612,-0.00476157442755909,0.33496723911764437
2015-10-08,27.547500610351562,27.547500610351562,27.052499771118164,27.375,24.721973419189453,247918400,0.3253245975674428,-0.011554458353259522,0.2937385133805168
2015-10-09,27.5,28.06999969482422,27.372499465942383,28.030000686645508,25.313488006591797,211064400,-0.1486537505889034,0.023926673545535238,0.28935054344028016
2015-10-12,28.1825008392334,28.1875,27.860000610351562,27.899999618530273,25.196090698242188,121868800,-0.4225989792688867,-0.004637737332723102,0.28946283008601237
2015-10-13,27.704999923706055,28.112499237060547,27.670000076293945,27.947500228881836,25.238985061645508,132197200,0.08475015754647619,0.0017024213762777407,0.28922247690504715
2015-10-14,27.822500228881836,27.8799991607666,27.389999389648438,27.552499771118164,24.88226890563965,177849600,0.34533560468754265,-0.014133538061637196,0.2604272325167812
2015-10-15,27.732500076293945,28.024999618530273,27.622499465942383,27.96500015258789,25.254796981811523,150694000,-0.15268856382021667,0.014971628093266132,0.23236298311138195
2015-10-16,27.94499969482422,28.0,27.63249969482422,27.760000228881836,25.06966209411621,156930400,0.041384527585703434,-0.007330682081057582,0.22751734514855362
2015-10-19,27.700000762939453,27.9375,27.52750015258789,27.9325008392334,25.22544288635254,119036800,-0.2414675550435097,0.006213916711421907,0.22599989250054706
2015-10-20,27.834999084472656,28.542499542236328,27.704999923706055,28.4424991607666,25.68602180480957,195871200,0.6454676200973144,0.018258506720062906,0.2176240625965151
2015-10-21,28.5,28.895000457763672,28.424999237060547,28.440000534057617,25.683757781982422,167180800,-0.14647584739359332,-8.814221386066468e-05,0.20944286962400047
2015-10-22,28.582500457763672,28.875,28.524999618530273,28.875,26.076601028442383,166616400,-0.003375985759130229,0.015295396016214768,0.20451508827103387
2015-10-23,29.174999237060547,29.8075008392334,29.082500457763672,29.770000457763672,26.88486671447754,237467600,0.4252354510120253,0.030995822084080693,0.21905435187137443
2015-10-26,29.520000457763672,29.532499313354492,28.729999542236328,28.81999969482422,26.02692985534668,265335200,0.11735327261487472,-0.03191151617905763,0.2379075623922243
2015-10-27,28.850000381469727,29.135000228881836,28.497499465942383,28.637500762939453,25.86211585998535,279537600,0.05352625659919985,-0.006332440909371018,0.2372683335175389
2015-10-28,29.232500076293945,29.825000762939453,29.014999389648438,29.8174991607666,26.927753448486328,342205600,0.22418451042006504,0.04120457870772132,0.26616913128653946
2015-10-29,29.674999237060547,30.172500610351562,29.5674991607666,30.13249969482422,27.21223258972168,204909200,-0.4012102665765843,0.010564533048758484,0.2588814143772689
2015-10-30,30.247499465942383,30.30500030517578,29.862499237060547,29.875,26.97968292236328,197461200,-0.036347806735861576,-0.008545776852070364,0.2601058355552398
2015-11-02,30.200000762939453,30.34000015258789,29.90250015258789,30.295000076293945,27.358983993530273,128813200,-0.3476531085600614,0.01405876682311158,0.2594759084911255
2015-11-03,30.197500228881836,30.872499465942383,30.174999237060547,30.642499923706055,27.672809600830078,182076000,0.4134886797315802,0.011470660144909495,0.2554513441095808
2015-11-04,30.782499313354492,30.954999923706055,30.405000686645508,30.5,27.54412078857422,179544400,-0.01390408400887544,-0.004650370313392327,0.25578817018359384
2015-11-05,30.462499618530273,30.672500610351562,30.045000076293945,30.229999542236328,27.417144775390625,158210800,-0.11882074851680147,-0.004609913460598247,0.2563076548264115
2015-11-06,30.27750015258789,30.452499389648438,30.155000686645508,30.264999389648438,27.44888687133789,132169200,-0.16460064673208152,0.0011577462280374373,0.2559723525710748
2015-11-09,30.239999771118164,30.452499389648438,30.012500762939453,30.142499923706055,27.337783813476562,135485600,0.025092078941235885,-0.004047634367911002,0.24824271230316705
2015-11-10,29.225000381469727,29.517499923706055,29.014999389648438,29.1924991607666,26.476186752319336,236511600,0.7456585792143224,-0.031516712072779285,0.24993710183151188
2015-11-11,29.092500686645508,29.354999542236328,28.802499771118164,29.02750015258789,26.326536178588867,180872000,-0.23525104054092905,-0.00565227066610563,0.24958120632056766
2015-11-12,29.065000534057617,29.204999923706055,28.912500381469727,28.93000030517578,26.238109588623047,130102400,-0.28069352912556944,-0.0033588387536426234,0.2488108716487612
2015-11-13,28.799999237060547,28.892499923706055,28.0674991607666,28.084999084472656,25.471731185913086,183249600,0.40850284083921595,-0.029208598284164,0.2641795483359321
2015-11-16,27.844999313354492,28.559999465942383,27.75,28.545000076293945,25.888931274414062,152426800,-0.16820118570518028,0.016378945170860915,0.26789823918830896
2015-11-17,28.729999542236328,28.762500762939453,28.329999923706055,28.422500610351562,25.77783203125,110467600,-0.27527442680683445,-0.004291380049120108,0.26816022339635526
2015-11-18,28.940000534057617,29.372499465942383,28.875,29.322500228881836,26.594087600708008,186698800,0.6900774525743294,0.03166502010209693,0.2818110709876012
2015-11-19,29.40999984741211,29.9375,29.190000534057617,29.69499969482422,26.931921005249023,173183200,-0.07239253814164848,0.012703327506976558,0.28028877805460534
2015-11-20,29.799999237060547,29.979999542236328,29.712499618530273,29.825000762939453,27.049827575683594,137148400,-0.20807330041251115,0.0043779487698478725,0.2732490462515052
2015-11-23,29.8174991607666,29.9325008392334,29.334999084472656,29.4375,26.698387145996094,129930000,-0.052632039455072,-0.01299233530062971,0.27616469856483905
2015-11-24,29.332500457763672,29.837499618530273,29.280000686645508,29.719999313354492,26.954599380493164,171212800,0.31773108596936805,0.009596543532611523,0.27701775423913444
2015-11-25,29.802499771118164,29.8075008392334,29.479999542236328,29.50749969482422,26.761873245239258,85553200,-0.5003107244318181,-0.007150027812818482,0.27413309614855097
2015-11-27,29.572500228881836,29.602500915527344,29.399999618530273,29.452499389648438,26.711990356445312,52185600,-0.3900216473492517,-0.001863953555748199,0.2718500635480518
2015-11-30,29.497499465942383,29.852500915527344,29.4375,29.575000762939453,26.823091506958008,156721200,2.0031502943340693,0.00415922396759516,0.27045441723281993
2015-12-01,29.6875,29.702499389648438,29.21500015258789,29.334999084472656,26.605417251586914,139409600,-0.11046112459577895,-0.00811518147766932,0.27188147925862577
2015-12-02,29.334999084472656,29.52750015258789,29.020000457763672,29.06999969482422,26.36507797241211,133546400,-0.04205736190334097,-0.009033471525821235,0.26912065121566925
2015-12-03,29.137500762939453,29.197500228881836,28.55500030517578,28.799999237060547,26.120203018188477,166278000,0.24509533765043456,-0.009287852456945744,0.2707622919121961
2015-12-04,28.822500228881836,29.8125,28.77750015258789,29.75749969482422,26.988609313964844,231108000,0.38988922166492257,0.03324653698792712,0.2838518740425205
2015-12-07,29.7450008392334,29.96500015258789,29.452499389648438,29.56999969482422,26.81855583190918,128336800,-0.4446890631220035,-0.006300935334510593,0.2702005633256573
2015-12-08,29.3799991607666,29.649999618530273,29.21500015258789,29.5575008392334,26.807214736938477,137238000,0.06935812642983152,-0.0004228823894092404,0.25267044168136205
2015-12-09,29.40999984741211,29.422500610351562,28.770000457763672,28.905000686645508,26.215429306030273,185445600,0.3512700563983737,-0.022075603031327384,0.2606907691923049
2015-12-10,29.010000228881836,29.235000610351562,28.877500534057617,29.042499542236328,26.340133666992188,116850800,-0.3698917634066271,0.004756907068206084,0.23105569696708594
2015-12-11,28.797500610351562,28.84749984741211,28.212499618530273,28.295000076293945,25.662187576293945,187544800,0.6049937184854532,-0.025738141623320665,0.23956693556306338
2015-12-14,28.045000076293945,28.170000076293945,27.447500228881836,28.1200008392334,25.503480911254883,257274800,0.3718044968455536,-0.0061844558094366064,0.23909011806542668
2015-12-15,27.985000610351562,28.200000762939453,27.587499618530273,27.622499465942383,25.052261352539062,213292400,-0.17095494778345954,-0.017692469521550458,0.23853945407619054
2015-12-16,27.767499923706055,27.997499465942383,27.200000762939453,27.834999084472656,25.244991302490234,224954000,0.05467424061991899,0.007693115892375868,0.23681757666370581
2015-12-17,28.0049991607666,28.0625,27.2450008392334,27.2450008392334,24.709890365600586,179091200,-0.20387634805337984,-0.021196320904925958,0.24263466144787396
2015-12-18,27.227500915527344,27.3799991607666,26.452499389648438,26.50749969482422,24.041011810302734,385813200,1.1542834042096985,-0.027069264387713288,0.2520752073077435
2015-12-21,26.81999969482422,26.842500686645508,26.392499923706055,26.832500457763672,24.33577537536621,190362400,-0.5065943829811941,0.012260863535583644,0.25616541687098504
2015-12-22,26.850000381469727,26.93000030517578,26.612499237060547,26.8075008392334,24.31309700012207,131157600,-0.3110109979701874,-0.0009318945007643631,0.25630668529395156
2015-12-23,26.8174991607666,27.212499618530273,26.799999237060547,27.15250015258789,24.62599754333496,130629600,-0.0040256912294827085,0.012869629204840471,0.24666198789033647
2015-12-24,27.25,27.25,26.987499237060547,27.00749969482422,24.494495391845703,54281600,-0.584461714649666,-0.0053399725740186366,0.24662671239101627
2015-12-28,26.897499084472656,26.922500610351562,26.545000076293945,26.704999923706055,24.22013282775879,106816800,0.9678270353121499,-0.011200988617967256,0.24796714418618232
2015-12-29,26.739999771118164,27.357500076293945,26.71500015258789,27.184999465942383,24.655475616455078,123724800,0.15828970723706393,0.017974417885823435,0.24150518361437318
2015-12-30,27.145000457763672,27.174999237060547,26.795000076293945,26.829999923706055,24.33350944519043,100855200,-0.18484248913718182,-0.013058607194329164,0.2381729556275711
2015-12-31,26.752500534057617,26.75749969482422,26.204999923706055,26.315000534057617,23.866426467895508,163649200,0.6226153931577152,-0.01919505192405535,0.24330512962007794
